survey_id,pct_hh_below_3.17,pct_hh_below_3.94,pct_hh_below_4.60,pct_hh_below_5.26,pct_hh_below_5.88,pct_hh_below_6.47,pct_hh_below_7.06,pct_hh_below_7.70,pct_hh_below_8.40,pct_hh_below_9.13,pct_hh_below_9.87,pct_hh_below_10.70,pct_hh_below_11.62,pct_hh_below_12.69,pct_hh_below_14.03,pct_hh_below_15.64,pct_hh_below_17.76,pct_hh_below_20.99,pct_hh_below_27.37
400000,0.018202489417974654,0.04896011281719965,0.09004056853462213,0.13700611941944787,0.1831514743324495,0.22712560924999062,0.2734332285430516,0.32196351305035903,0.3825947376511882,0.44233779272199886,0.49756888559013324,0.5555520079599506,0.611736011436635,0.6732989525576584,0.7376095318872378,0.7940787559515363,0.8503221028756169,0.9050155062964282,0.9579116510246671
500000,0.01068215955869847,0.03848344028994271,0.07602722045260565,0.12249057308036529,0.17276985746665982,0.218622870105205,0.26918855099796396,0.32161147798818224,0.3791390015347961,0.4374646298223595,0.492070687962762,0.5520678287769465,0.6128565626050875,0.6730349863143213,0.7363692378609012,0.7968552659947878,0.8508437555316075,0.9055558532629517,0.9612028916130211
600000,0.014359399209851792,0.043411103371037874,0.0788584265091845,0.12085693701704185,0.16355349948061276,0.20533390746742444,0.25333062076803237,0.3066155090301641,0.37065794870124874,0.4261644208655384,0.4840215863091319,0.5438258049322201,0.6035239220178182,0.6639812388176,0.7325424771915616,0.7966420529977917,0.8467561659830388,0.9015061816755654,0.9590816780667563
